Dataset,#Channel,#Train,#Test,Anomaly Rate
PSM,25,132481,87841,0.27755831559294636
SWAT,50,495000,449919,0.12140185233342002
WADI,122,241921,34561,0.05737681201354127
NIPS_TS_Swan,38,60000,60000,0.326
NIPS_TS_Water,9,69260,69261,0.010539842046750696
